"","overall_edited_insertion"
"no variant",1
"1:1I",1020
"-1:1I",317
"1:40I",88
"1:2I",85
"-2:2I",83
"1:6I",42
"1:4I",39
"-3:1I",36
"-3:1D,1:4I",30
"1:24I",28
"1:6I,3:2I",28
"-3:1D,1:2I",28
"-3:1D,4:14I",26
"1:15I",26
"-1:4I",25
"-4:4D",24
"1:6I,2:2D",20
"-1:17I",19
"-1:2I",17
"1:38I",17
"-1:13I",16
"1:15I,8:12I",14
"-2:3I",13
"-3:7I",2
"1:34I",2
"-1:7I,6:11I,9:6I",2
"1:44I",2
"-1:1D,4:9I",1
"-10:1D,-1:13I",1
"-26:20I,1:1D",1
"1:23I,7:1D",1
"2:4I",1
"-26:1I,-1:1I",1
"-3:1D,1:4I,3:1D",1
"-38:28I,1:8D",1
"-26:1I",1
"-26:20I",1
"22:1I",1
"1:43I",1
"-2:41I",1
"1:45I",1
