"","right_precise_ki"
"perfect_right_junction",6122
"SNV:15C",9
"SNV:12G",9
"SNV:34C",7
"SNV:7C",7
"SNV:30G",6
"SNV:4T",5
"SNV:29C",5
"SNV:38C",5
"SNV:26G",4
"SNV:11G",4
"SNV:39G",3
"SNV:21G",3
"SNV:28A",3
"SNV:40G",3
"SNV:14T",3
"SNV:32A",3
"SNV:3A",3
"SNV:22A",3
"SNV:28T",2
"SNV:36C",2
"SNV:17G",2
"SNV:26T",2
"SNV:16T",2
"SNV:25G",2
"SNV:27A",2
"SNV:2T",2
"SNV:31A",2
"SNV:35A",2
"SNV:18G",2
"SNV:24G",2
"SNV:31C",2
"SNV:1T",2
"SNV:2A",1
"SNV:35T",1
"SNV:36A",1
"SNV:9G",1
"SNV:20C",1
"SNV:11T,15G",1
"SNV:21T",1
"SNV:8G",1
"SNV:6A",1
"SNV:11G,15G",1
"SNV:24T",1
"SNV:28C",1
"SNV:6C",1
"SNV:3C",1
"SNV:31G",1
"SNV:14A",1
"SNV:29A",1
"SNV:8C",1
"SNV:13A,16T",1
"SNV:33T",1
"SNV:5A",1
"SNV:23C",1
"SNV:33A",1
"SNV:13T",1
"SNV:3G",1
"SNV:30T",1
"SNV:18C",1
"SNV:18G,38G",1
"SNV:34A,40G",1
"SNV:20A",1
"SNV:19A",1
"SNV:34G",1
"SNV:21C",1
"SNV:17C",1
"SNV:25T",1
"SNV:3A,34A",1
"SNV:9T",1
"SNV:37A",1
"SNV:4G",1
"SNV:9C",1
"SNV:11T",1
"SNV:24G,33T",1
"SNV:2T,15C",1
"SNV:23A",1
"SNV:1G",1
"SNV:1C",1
