"","crispresso.mixed_hdr_nhej"
"1:69I",50
"1:64I",29
"-2:78I",26
"1:36I,4:16I",26
"-2:53I",26
"-1:95I",25
"1:57I",24
"-3:43I",23
"1:94I",23
"-5:35I,-1:2I",22
"-1:69I",21
"1:70I",21
"-2:43I",20
"-40:46I",19
"1:66I",19
"1:49I",18
"1:63I",17
"1:77I",16
"-1:93I",14
"-37:33I,-1:66I",12
"1:46I",10
"-1:66I",7
"1:44I",3
"1:47I",3
"1:45I",2
"-1:39I",2
"-2:41I",1
"5:43I",1
"-1:43I",1
"-40:47I",1
"-40:40I,-1:1D",1
"-1:45I",1
"4:42I",1
"-1:73I",1
"-40:48I",1
"1:41I",1
"-1:47I",1
"-1:22I,4:44I",1
"-1:68I",1
"1:98I",1
