"","x"
"duplicated_homology_right_junction","CGGAGACTACAAGGATCATGATATTGATTACAAAGACGATGACGATAAGACTCGGTAAGAACCTCATGTAGGAAAGGTATGCTGTGTAACCAAACACTCGGTAAGAACCTCATGTAGGAAAGGTATGCTGTGTAAACAAAG"
"SNV:65A","CGGAGACTACAAGGATCATGATATTGATTACAAAGACGATGACGATAAGACTCGGTAAGAACCTCATGTAGGAAAGGTATGCTGTGTAACCAAACACTCGGTAAGAACCTCATATAGGAAAGGTATGCTGTGTAAACAAAG"
"SNV:41A","CGGAGACTACAAGGATCATGATATTGATTACAAAGACGATGACGATAAGACTCGGTAAGAACCTCATGTAGGAAAGGTATGCTGTGTAAACAAACACTCGGTAAGAACCTCATGTAGGAAAGGTATGCTGTGTAAACAAAG"
"SNV:22A","CGGAGACTACAAGGATCATGATATTGATTACAAAGACGATGACGATAAGACTCGGTAAGAACCTCATGTAAGAAAGGTATGCTGTGTAACCAAACACTCGGTAAGAACCTCATGTAGGAAAGGTATGCTGTGTAAACAAAG"
"SNV:49G","CGGAGACTACAAGGATCATGATATTGATTACAAAGACGATGACGATAAGACTCGGTAAGAACCTCATGTAGGAAAGGTATGCTGTGTAACCAAACACGCGGTAAGAACCTCATGTAGGAAAGGTATGCTGTGTAARSAAAG"
"SNV:-46G","CGGGGACTACAAGGATCATGATATTGATTACAAAGACGATGACGATAAGACTCGGTAAGAACCTCATGTAGGAAAGGTATGCTGTGTAACCAAACACTCGGTAAGAACCTCATGTAGGAAAGGTATGCTGTGTAAACAAAG"
"SNV:-41C","CGGAGACTCCAAGGATCATGATATTGATTACAAAGACGATGACGATAAGACTCGGTAAGAACCTCATGTAGGAAAGGTATGCTGTGTAACCAAACACTCGGTAAGAACCTCATGTAGGAAAGGTATGCTGTGTAAACAAAG"
"SNV:80C","CGGAGACTACAAGGATCATGATATTGATTACAAAGACGATGACGATAAGACTCGGTAAGAACCTCATGTAGGAAAGGTATGCTGTGTAACCAAACACTCGGTAAGAACCTCATGTAGGAAAGGTATGCCGTGTAAACAAAG"
"SNV:-29G","CGGAGACTACAAGGATCATGGTATTGATTACAAAGACGATGACGATAAGACTCGGTAAGAACCTCATGTAGGAAAGGTATGCTGTGTAACCAAACACTCGGTAAGAACCTCATGTAGGAAAGGTATGCTGTGTAAACAAAG"
"SNV:31G,41T","CGGAGACTACAAGGATCATGATATTGATTACAAAGACGATGACGATAAGACTCGGTAAGAACCTCATGTAGGAAAGGTAGGCTGTGTAATCAAACACTCGGTAAGAACCTCATGTAGGAAAGGTATGCTGTGTAAACAAAG"
"SNV:40T","CGGAGACTACAAGGATCATGATATTGATTACAAAGACGATGACGATAAGACTCGGTAAGAACCTCATGTAGGAAAGGTATGCTGTGTATCCAAACACTCGGTAAGAACCTCATGTAGGAAAGGTATGCTGTGTAAACAAAG"
"SNV:18G,40C","CGGAGACTACAAGGATCATGATATTGATTACAAAGACGATGACGATAAGACTCGGTAAGAACCTCAGGTAGGAAAGGTATGCTGTGTACCCAAACACTCGGTAAGAACCTCATGTAGGAAAGGTATGCTGTGTAAACAAAG"
"SNV:15C","CGGAGACTACAAGGATCATGATATTGATTACAAAGACGATGACGATAAGACTCGGTAAGAACCCCATGTAGGAAAGGTATGCTGTGTAACCAAACACTCGGTAAGAACCTCATGTAGGAAAGGTATGCTGTGTAAACAAAG"
"SNV:7C","CGGAGACTACAAGGATCATGATATTGATTACAAAGACGATGACGATAAGACTCGGCAAGAACCTCATGTAGGAAAGGTATGCTGTGTAACCAAACACTCGGTAAGAACCTCATGTAGGAAAGGTATGCTGTGTAAACAAAG"
"SNV:69T","CGGAGACTACAAGGATCATGATATTGATTACAAAGACGATGACGATAAGACTCGGTAAGAACCTCATGTAGGAAAGGTATGCTGTGTAACCAAACACTCGGTAAGAACCTCATGTAGTAAAGGTATGCTGTGTAAACAAAG"
"SNV:3G,34G","CGGAGACTACAAGGATCATGATATTGATTACAAAGACGATGACGATAAGACGCGGTAAGAACCTCATGTAGGAAAGGTATGCGGTGTAACCAAACACTCGGTAAGAACCTCATGTAGGAAAGGTATGCTGTGTAAACAAAG"
"SNV:4T","CGGAGACTACAAGGATCATGATATTGATTACAAAGACGATGACGATAAGACTTGGTAAGAACCTCATGTAGGAAAGGTATGCTGTGTAACCAAACACTCGGTAAGAACCTCATGTAGGAAAGGTATGCTGTGTAAACAAAG"
"SNV:-47C","CGCAGACTACAAGGATCATGATATTGATTACAAAGACGATGACGATAAGACTCGGTAAGAACCTCATGTAGGAAAGGTATGCTGTGTAACCAAACACTCGGTAAGAACCTCATGTAGGAAAGGTATGCTGTGTAAACAAAG"
"SNV:-37A","CGGAGACTACAAAGATCATGATATTGATTACAAAGACGATGACGATAAGACTCGGTAAGAACCTCATGTAGGAAAGGTATGCTGTGTAACCAAACACTCGGTAAGAACCTCATGTAGGAAAGGTATGCTGTGTAAACAAAG"
"SNV:74A","CGGAGACTACAAGGATCATGATATTGATTACAAAGACGATGACGATAAGACTCGGTAAGAACCTCATGTAGGAAAGGTATGCTGTGTAACCAAACACTCGGTAAGAACCTCATGTAGGAAAGATATGCTGTGTAAACAAAG"
"SNV:21G,74T","CGGAGACTACAAGGATCATGATATTGATTACAAAGACGATGACGATAAGACTCGGTAAGAACCTCATGTGGGAAAGGTATGCTGTGTAACCAAACACTCGGTAAGAACCTCATGTAGGAAAGTTATGCTGTGTAAACAAAG"
"SNV:72G","CGGAGACTACAAGGATCATGATATTGATTACAAAGACGATGACGATAAGACTCGGTAAGAACCTCATGTAGGAAAGGTATGCTGTGTAACCAAACACTCGGTAAGAACCTCATGTAGGAAGGGTATGCTGTGTAAACAAAG"
"SNV:49C","CGGAGACTACAAGGATCATGATATTGATTACAAAGACGATGACGATAAGACTCGGTAAGAACCTCATGTAGGAAAGGTATGCTGTGTAACCAAACACCCGGTAAGAACCTCATGTAGGAAAGGTATGCTGTGTAAACAAAG"
"SNV:-42A","CGGAGACAACAAGGATCATGATATTGATTACAAAGACGATGACGATAAGACTCGGTAAGAACCTCATGTAGGAAAGGTATGCTGTGTAACCAAACACTCGGTAAGAACCTCATGTAGGAAAGGTATGCTGTGTAAACAAAG"
"SNV:-47T,-31G","CGTAGACTACAAGGATCAGGATATTGATTACAAAGACGATGACGATAAGACTCGGTAAGAACCTCATGTAGGAAAGGTATGCTGTGTAACCAAACACTCGGTAAGAACCTCATGTAGGAAAGGTATGCTGTGTAAACAAAG"
"SNV:17C,28T,49G","CGGAGACTACAAGGATCATGATATTGATTACAAAGACGATGACGATAAGACTCGGTAAGAACCTCCTGTAGGAAAGTTATGCTGTGTAACCAAACACGCGGTAAGAACCTCATGTAGGAAAGGTATGCTGTGTAAACAAAG"
"SNV:1G","CGGAGACTACAAGGATCATGATATTGATTACAAAGACGATGACGATAAGGCTCGGTAAGAACCTCATGTAGGAAAGGTATGCTGTGTAACCAAACACTCGGTAAGAACCTCATGTAGGAAAGGTATGCTGTGTAAACAAAG"
"SNV:19A","CGGAGACTACAAGGATCATGATATTGATTACAAAGACGATGACGATAAGACTCGGTAAGAACCTCATATAGGAAAGGTATGCTGTGTAACCAAACACTCGGTAAGAACCTCATGTAGGAAAGGTATGCTGTGTAAACAAAG"
"SNV:59A","CGGAGACTACAAGGATCATGATATTGATTACAAAGACGATGACGATAAGACTCGGTAAGAACCTCATGTAGGAAAGGTATGCTGTGTAACCAAACACTCGGTAAGAAACTCATGTAGGAAAGGTATGCTGTGTAAACAAAG"
"SNV:-18G","CGGAGACTACAAGGATCATGATATTGATTACGAAGACGATGACGATAAGACTCGGTAAGAACCTCATGTAGGAAAGGTATGCTGTGTAACCAAACACTCGGTAAGAACCTCATGTAGGAAAGGTATGCTGTGTAACCAAAG"
"SNV:29G,64A","CGGAGACTACAAGGATCATGATATTGATTACAAAGACGATGACGATAAGACTCGGTAAGAACCTCATGTAGGAAAGGGATGCTGTGTAACCAAACACTCGGTAAGAACCTCAAGTAGGAAAGGTATGCTGTGTAAACAAAG"
"SNV:52T","CGGAGACTACAAGGATCATGATATTGATTACAAAGACGATGACGATAAGACTCGGTAAGAACCTCATGTAGGAAAGGTATGCTGTGTAACCAAACACTCGTTAAGAACCTCATGTAGGAAAGGTATGCTGTGTAAACAAAG"
"SNV:29G","CGGAGACTACAAGGATCATGATATTGATTACAAAGACGATGACGATAAGACTCGGTAAGAACCTCATGTAGGAAAGGGATGCTGTGTAACCAAACACTCGGTAAGAACCTCATGTAGGAAAGGTATGCTGTGTAAACAAAG"
"SNV:12G","CGGAGACTACAAGGATCATGATATTGATTACAAAGACGATGACGATAAGACTCGGTAAGAGCCTCATGTAGGAAAGGTATGCTGTGTAACCAAACACTCGGTAAGAACCTCATGTAGGAAAGGTATGCTGTGTAAACAAAG"
"SNV:-22G","CGGAGACTACAAGGATCATGATATTGAGTACAAAGACGATGACGATAAGACTCGGTAAGAACCTCATGTAGGAAAGGTATGCTGTGTAACCAAACACTCGGTAAGAACCTCATGTAGGAAAGGTATGCTGTGTAAACAAAG"
"SNV:37T","CGGAGACTACAAGGATCATGATATTGATTACAAAGACGATGACGATAAGACTCGGTAAGAACCTCATGTAGGAAAGGTATGCTGTTTAACCAAACACTCGGTAAGAACCTCATGTAGGAAAGGTATGCTGTGTAAACAAAG"
"SNV:48A","CGGAGACTACAAGGATCATGATATTGATTACAAAGACGATGACGATAAGACTCGGTAAGAACCTCATGTAGGAAAGGTATGCTGTGTAACCAAACAATCGGTAAGAACCTCATGTAGGAAAGGTATGCTGTGTAAACAAAG"
"SNV:34C,63C","CGGAGACTACAAGGATCATGATATTGATTACAAAGACGATGACGATAAGACTCGGTAAGAACCTCATGTAGGAAAGGTATGCCGTGTAACCAAACACTCGGTAAGAACCTCCTGTAGGAAAGGTATGCTGTGTAAACAAAG"
"SNV:76C","CGGAGACTACAAGGATCATGATATTGATTACAAAGACGATGACGATAAGACTCGGTAAGAACCTCATGTAGGAAAGGTATGCTGTGTAACCAAACACTCGGTAAGAACCTCATGTAGGAAAGGTCTGCTGTGTAAACGAAG"
"SNV:-44T","CGGAGTCTACAAGGATCATGATATTGATTACAAAGACGATGACGATAAGACTCGGTAAGAACCTCATGTAGGAAAGGTATGCTGTGTAACCAAACACTCGGTAAGAACCTCATGTAGGAAAGGTATGCTGTGTAAACAAAG"
"SNV:55G","CGGAGACTACAAGGATCATGATATTGATTACAAAGACGATGACGATAAGACTCGGTAAGAACCTCATGTAGGAAAGGTATGCTGTGTAACCAAACACTCGGTAGGAACCTCATGTAGGAAAGGTATGCTGTGTAAACAAAG"
"SNV:-20G","CGGAGACTACAAGGATCATGATATTGATTGCAAAGACGATGACGATAAGACTCGGTAAGAACCTCATGTAGGAAAGGTATGCTGTGTAACCAAACACTCGGTAAGAACCTCATGTAGGAAAGGTATGCTGTGTAAACAAAG"
"SNV:34C","CGGAGACTACAAGGATCATGATATTGATTACAAAGACGATGACGATAAGACTCGGTAAGAACCTCATGTAGGAAAGGTATGCCGTGTAACCAAACACTCGGTAAGAACCTCATGTAGGAAAGGTATGCTGTGTAAACAAAG"
"SNV:36C,81A","CGGAGACTACAAGGATCATGATATTGATTACAAAGACGATGACGATAAGACTCGGTAAGAACCTCATGTAGGAAAGGTATGCTGCGTAACCAAACACTCGGTAAGAACCTCATGTAGGAAAGGTATGCTATGTAAACAAAG"
"SNV:42T","CGGAGACTACAAGGATCATGATATTGATTACAAAGACGATGACGATAAGACTCGGTAAGAACCTCATGTAGGAAAGGTATGCTGTGTAACTAAACACTCGGTAAGAACCTCATGTAGGAAAGGTATGCTGTGTAAACAAAG"
"SNV:19T,67T,72T","CGGAGACTACAAGGATCATGATATTGATTACAAAGACGATGACGATAAGACTCGGTAAGAACCTCATTTAGGAAAGGTATGCTGTGTAACCAAACACTCGGTAAGAACCTCATGTTGGAATGGTATGCTGTGTAAACAAAG"
"SNV:-29G,-18C,-14G,11G,34G,50G","CGGAGACTACAAGGATCATGGTATTGATTACCAAGGCGATGACGATAAGACTCGGTAAGGACCTCATGTAGGAAAGGTATGCGGTGTAACCAAACACTGGGTAAGAACCTCATGTAGGAAAGGTATGCTGTGTAAACAAAG"
"SNV:3C","CGGAGACTACAAGGATCATGATATTGATTACAAAGACGATGACGATAAGACCCGGTAAGAACCTCATGTAGGAAAGGTATGCTGTGTAACCAAACACTCGGTAAGAACCTCATGTAGGAAAGGTATGCTGTGTAAACAAAG"
"SNV:42A","CGGAGACTACAAGGATCATGATATTGATTACAAAGACGATGACGATAAGACTCGGTAAGAACCTCATGTAGGAAAGGTATGCTGTGTAACAAAACACTCGGTAAGAACCTCATGTAGGAAAGGTATGCTGTGTAAACAAAG"
"SNV:14T","CGGAGACTACAAGGATCATGATATTGATTACAAAGACGATGACGATAAGACTCGGTAAGAACTTCATGTAGGAAAGGTATGCTGTGTAACCAAACACTCGGTAAGAACCTCATGTAGGAAAGGTATGCTGTGTAAACAAAG"
"SNV:85G","CGGAGACTACAAGGATCATGATATTGATTACAAAGACGATGACGATAAGACTCGGTAAGAACCTCATGTAGGAAAGGTATGCTGTGTAACCAAACACTCGGTAAGAACCTCATGTAGGAAAGGTATGCTGTGTGAACAAAG"
"SNV:9C","CGGAGACTACAAGGATCATGATATTGATTACAAAGACGATGACGATAAGACTCGGTACGAACCTCATGTAGGAAAGGTATGCTGTGTAACCAAACACTCGGTAAGAACCTCATGTAGGAAAGGTATGCTGTGTAAACAAAG"
"SNV:74T","CGGAGACTACAAGGATCATGATATTGATTACAAAGACGATGACGATAAGACTCGGTAAGAACCTCATGTAGGAAAGGTATGCTGTGTAACCAAACACTCGGTAAGAACCTCATGTAGGAAAGTTATGCTGTGTAAACAAAG"
"SNV:77C","CGGAGACTACAAGGATCATGATATTGATTACAAAGACGATGACGATAAGACTCGGTAAGAACCTCATGTAGGAAAGGTATGCTGTGTAACCAAACACTCGGTAAGAACCTCATGTAGGAAAGGTACGCTGTGTAAACAAAG"
"SNV:25C,63C","CGGAGACTACAAGGATCATGATATTGATTACAAAGACGATGACGATAAGACTCGGTAAGAACCTCATGTAGGACAGGTATGCTGTGTAACCAAACACTCGGTAAGAACCTCCTGTAGGAAAGGTATGCTGTGTAAACAAAG"
"SNV:-16G","CGGAGACTACAAGGATCATGATATTGATTACAAGGACGATGACGATAAGACTCGGTAAGAACCTCATGTAGGAAAGGTATGCTGTGTAACCAAACACTCGGTAAGAACCTCATGTAGGAAAGGTATGCTGTGTAAACAAAG"
"SNV:44T","CGGAGACTACAAGGATCATGATATTGATTACAAAGACGATGACGATAAGACTCGGTAAGAACCTCATGTAGGAAAGGTATGCTGTGTAACCATACACTCGGTAAGAACCTCATGTAGGAAAGGTATGCTGTGTAAACAAAG"
"SNV:36G,47G,48T,50T","CGGAGACTACAAGGATCATGATATTGATTACAAAGACGATGACGATAAGACTCGGTAAGAACCTCATGTAGGAAAGGTATGCTGGGTAACCAAACGTTTGGTAAGAACCTCATGTAGGAAAGGTATGCTGTGTAAACAAAG"
"SNV:3A","CGGAGACTACAAGGATCATGATATTGATTACAAAGACGATGACGATAAGACACGGTAAGAACCTCATGTAGGAAAGGTATGCTGTGTAACCAAACACTCGGTAAGAACCTCATGTAGGAAAGGTATGCTGTGTAAACAAAG"
"SNV:46T","CGGAGACTACAAGGATCATGATATTGATTACAAAGACGATGACGATAAGACTCGGTAAGAACCTCATGTAGGAAAGGTATGCTGTGTAACCAAATACTCGGTAAGAACCTCATGTAGGAAAGGTATGCTGTGTAAACAAAG"
"SNV:48T,50T","CGGAGACTACAAGGATCATGATATTGATTACAAAGACGATGACGATAAGACTCGGTAAGAACCTCATGTAGGAAAGGTATGCTGTGTAACCAAACATTTGGTAAGAACCTCATGTAGGAAAGGTATGCTGTGTAAACAAAG"
"SNV:-22C","CGGAGACTACAAGGATCATGATATTGACTACAAAGACGATGACGATAAGACTCGGTAAGAACCTCATGTAGGAAAGGTATGCTGTGTAACCAAACACTCGGTAAGAACCTCATGTAGGAAAGGTATGCTGTGTAAACAAAG"
"SNV:-24A","CGGAGACTACAAGGATCATGATATTAATTACAAAGACGATGACGATAAGACTCGGTAAGAACCTCATGTAGGAAAGGTATGCTGTGTAACCAAACACTCGGTAAGAACCTCATGTAGGAAAGGTATGCTGTGTAAACAAAG"
"47:1I","CGGAGACTACAAGGATCATGATATTGATTACAAAGACGATGACGATAAGACTCGGTAAGAACCTCATGTAGGAAAGGTATGCTGTGTAACCAAACGACTCGGTAAGAACCTCATGTAGGAAAGGTATGCTGTGTAAACAAAG"
"47:2I","CGGAGACTACAAGGATCATGATATTGATTACAAAGACGATGACGATAAGACTCGGTAAGAACCTCATGTAGGAAAGGTATGCTGTGTAACCAAACGAACTCGGTAAGAACCTCATGTAGGAAAGGTATGCTGTGTAAACAAAG"
"45:2D","CGGAGACTACAAGGATCATGATATTGATTACAAAGACGATGACGATAAGACTCGGTAAGAACCTCATGTAGGAAAGGTATGCTGTGTAACCAAACTCGGTAAGAACCTCATGTAGGAAAGGTATGCTGTGTAAACAAAG"
"37:10D","CGGAGACTACAAGGATCATGATATTGATTACAAAGACGATGACGATAAGACTCGGTAAGAACCTCATGTAGGAAAGGTATGCTGTACTCGGTAAGAACCTCATGTAGGAAAGGTATGCTGTGTAAACAAAG"
"30:17D","CGGAGACTACAAGGATCATGATATTGATTACAAAGACGATGACGATAAGACTCGGTAAGAACCTCATGTAGGAAAGGTACTCGGTAAGAACCTCATGTAGGAAAGGTATGCTGTGTAAACAAAG"
"44:13D","CGGAGACTACAAGGATCATGATATTGATTACAAAGACGATGACGATAAGACTCGGTAAGAACCTCATGTAGGAAAGGTATGCTGTGTAACCAAACCTCATGTAGGAAAGGTATGCTGTGTAAACAAAG"
"47:10D","CGGAGACTACAAGGATCATGATATTGATTACAAAGACGATGACGATAAGACTCGGTAAGAACCTCATGTAGGAAAGGTATGCTGTGTAACCAAACAACCTCATGTAGGAAAGGTATGCTGTGTAAACAAAG"
"46:1I","CGGAGACTACAAGGATCATGATATTGATTACAAAGACGATGACGATAAGACTCGGTAAGAACCTCATGTAGGAAAGGTATGCTGTGTAACCAAACCACTCGGTAAGAACCTCATGTAGGAAAGGTATGCTGTGTAAACAAAG"
"47:12D","CGGAGACTACAAGGATCATGATATTGATTACAAAGACGATGACGATAAGACTCGGTAAGAACCTCATGTAGGAAAGGTATGCTGTGTAACCAAACGCTCATGTAGGAAAGGTATGCTGTGTAAACAAAG"
"47:4I","CGGAGACTACAAGGATCATGATATTGATTACAAAGACGATGACGATAAGACTCGGTAAGAACCTCATGTAGGAAAGGTATGCTGTGTAACCAAACTAAGACTCGGTAAGAACCTCATGTAGGAAAGGTATGCTGTGTAAACAAAG"
"43:2I,47:3I","CGGAGACTACAAGGATCATGATATTGATTACAAAGACGATGACGATAAGACTCGGTAAGAACCTCATGTAGGAAAGGTATGCTGTGTAACCCTAACCCTAACTCGGTAAGAACCTCATGTAGGAAAGGTATGCTGTGTAAACAAAG"
"47:8D","CGGAGACTACAAGGATCATGATATTGATTACAAAGACGATGACGATAAGACTCGGTAAGAACCTCATGTAGGAAAGGTATGCTGTGTAACCAAACAGAACCTCATGTAGGAAAGGTATGCTGTGTAAACAAAG"
"33:13D","CGGAGACTACAAGGATCATGATATTGATTACAAAGACGATGACGATAAGACTCGGTAAGAACCTCATGTAGGAAAGGTATGCACTCGGTAAGAACCTCATGTAGGAAAGGTATGCTGTGTAAACAAAG"
"43:13D","CGGAGACTACAAGGATCATGATATTGATTACAAAGACGATGACGATAAGACTCGGTAAGAACCTCATGTAGGAAAGGTATGCTGTGTAACCGAACCTCATGTAGGAAAGGTATGCTGTGTAAACAAAG"
"41:6D","CGGAGACTACAAGGATCATGATATTGATTACAAAGACGATGACGATAAGACTCGGTAAGAACCTCATGTAGGAAAGGTATGCTGTGTAAACTCGGTAAGAACCTCATGTAGGAAAGGTATGCTGTGTAAACAAAG"
"47:6D","CGGAGACTACAAGGATCATGATATTGATTACAAAGACGATGACGATAAGACTCGGTAAGAACCTCATGTAGGAAAGGTATGCTGTGTAACCAAACTAAGAACCTCATGTAGGAAAGGTATGCTGTGTAAACAAAG"
"46:4D","CGGAGACTACAAGGATCATGATATTGATTACAAAGACGATGACGATAAGACTCGGTAAGAACCTCATGTAGGAAAGGTATGCTGTGTAACCAAACGGTAAGAACCTCATGTAGGAAAGGTATGCTGTGTAAACAAAG"
"36:12D","CGGAGACTACAAGGATCATGATATTGATTACAAAGACGATGACGATAAGACTCGGTAAGAACCTCATGTAGGAAAGGTATGCTGCTCGGTAAGAACCTCATGTAGGAAAGGTATGCTGTGTAAACAAAG"
"47:3D","CGGAGACTACAAGGATCATGATATTGATTACAAAGACGATGACGATAAGACTCGGTAAGAACCTCATGTAGGAAAGGTATGCTGTGTAACCAAACGGGTAAGAACCTCATGTAGGAAAGGTATGCTGTGTAAACAAAG"
"47:5D","CGGAGACTACAAGGATCATGATATTGATTACAAAGACGATGACGATAAGACTCGGTAAGAACCTCATGTAGGAAAGGTATGCTGTGTAACCAAACGTAAGAACCTCATGTAGGAAAGGTATGCTGTGTAAACAAAG"
"32:16D","CGGAGACTACAAGGATCATGATATTGATTACAAAGACGATGACGATAAGACTCGGTAAGAACCTCATGTAGGAAAGGTATCTCGGTAAGAACCTCATGTAGGAAAGGTATGCTGTGTAAACAAAG"
"38:11D","CGGAGACTACAAGGATCATGATATTGATTACAAAGACGATGACGATAAGACTCGGTAAGAACCTCATGTAGGAAAGGTATGCTGTGTCGGTAAGAACCTCATGTAGGAAGGGTATGCTGTGTAAACAAAG"
"24:1D,43:2I,47:3I","CGGAGACTACAAGGATCATGATATTGATTACAAAGACGATGACGATAAGACTCGGTAAGAACCTCATGTAGGAAGGTATGCTGTGTAACCCTAACCCTAACTCGGTAAGAACCTCATGTAGGAAAGGTATGCTGTGTAAACAAAG"
"41:10I,44:11I,46:1D","CGGAGACTACAAGGATCATGATATTGATTACAAAGACGATGACGATAAGACTCGGTAAGAACCTCATGTAGGAAAGGTATGCTGTGTAAGGCAGCCACCCCAGGCCTTCACGGAAACCCGTGAAGAACCTCATGTAGGAAAGGTATGCTGTGTAAACAAAG"
"47:45I","CGGAGACTACAAGGATCATGATATTGATTACAAAGACGATGACGATAAGACTCGGTAAGAACCTCATGTAGGAAAGGTATGCTGTGTAACCAAACGTTTGGCCAAAAGGCAGCCACCCCAGGCCTTCACGGAAACCCGTGACTCGGTAAGAACCTCATGTAGGAAAGGTATGCTGTGTAAACAAAG"
"48:13D","CGGAGACTACAAGGATCATGATATTGATTACAAAGACGATGACGATAAGACTCGGTAAGAACCTCATGTAGGAAAGGTATGCTGTGTAACCAAACATCATGTAGGAAAGGTATGCTGTGTAAACAAAG"
"46:4D,54:1D","CGGAGACTACAAGGATCATGATATTGATTACAAAGACGATGACGATAAGACTCGGTAAGAACCTCATGTAGGAAAGGTATGCTGTGTAACCAAACGGTAGAACCTCATGTAGGAAAGGTATGCTGTGTAAACAAAG"
"42:1I,47:4I","CGGAGACTACAAGGATCATGATATTGATTACAAAGACGATGACGATAAGACTCGGTAAGAACCTCATGTAGGAAAGGTATGCTGTGTAACACTAACCCTAACTCGGTAAGAACCTCATGTAGGAAAGGTATGCTGTGTAAACAAAG"
