"","right_imprecise_ki"
"duplicated_homology_right_junction",490
"SNV:65A",3
"SNV:41A",2
"SNV:22A",2
"SNV:49G",2
"SNV:-46G",2
"SNV:-41C",2
"SNV:80C",2
"SNV:-29G",2
"SNV:31G,41T",1
"SNV:40T",1
"SNV:18G,40C",1
"SNV:15C",1
"SNV:7C",1
"SNV:69T",1
"SNV:3G,34G",1
"SNV:4T",1
"SNV:-47C",1
"SNV:-37A",1
"SNV:74A",1
"SNV:21G,74T",1
"SNV:72G",1
"SNV:49C",1
"SNV:-42A",1
"SNV:-47T,-31G",1
"SNV:17C,28T,49G",1
"SNV:1G",1
"SNV:19A",1
"SNV:59A",1
"SNV:-18G",1
"SNV:29G,64A",1
"SNV:52T",1
"SNV:29G",1
"SNV:12G",1
"SNV:-22G",1
"SNV:37T",1
"SNV:48A",1
"SNV:34C,63C",1
"SNV:76C",1
"SNV:-44T",1
"SNV:55G",1
"SNV:-20G",1
"SNV:34C",1
"SNV:36C,81A",1
"SNV:42T",1
"SNV:19T,67T,72T",1
"SNV:-29G,-18C,-14G,11G,34G,50G",1
"SNV:3C",1
"SNV:42A",1
"SNV:14T",1
"SNV:85G",1
"SNV:9C",1
"SNV:74T",1
"SNV:77C",1
"SNV:25C,63C",1
"SNV:-16G",1
"SNV:44T",1
"SNV:36G,47G,48T,50T",1
"SNV:3A",1
"SNV:46T",1
"SNV:48T,50T",1
"SNV:-22C",1
"SNV:-24A",1
"47:1I",129
"47:2I",48
"45:2D",36
"37:10D",28
"30:17D",21
"44:13D",20
"47:10D",20
"46:1I",20
"47:12D",20
"47:4I",19
"43:2I,47:3I",17
"47:8D",13
"33:13D",13
"43:13D",13
"41:6D",11
"47:6D",10
"46:4D",10
"36:12D",9
"47:3D",8
"47:5D",8
"32:16D",4
"38:11D",1
"24:1D,43:2I,47:3I",1
"41:10I,44:11I,46:1D",1
"47:45I",1
"48:13D",1
"46:4D,54:1D",1
"42:1I,47:4I",1
