"","overall_edited_deletion"
"-8:8D",1922
"-1:1D",673
"-2:2D",603
"-5:8D",515
"-9:9D",493
"-4:9D",416
"-6:6D",399
"-13:16D",334
"-7:7D",279
"-1:5D",279
"-2:8D",279
"1:1D",261
"-1:6D",254
"-14:14D",221
"-12:11D",218
"-1:10D",202
"1:8D",194
"-11:20D",188
"-11:10D",178
"-12:12D",169
"1:11D",164
"-5:6D",151
"-5:5D",147
"-4:3D",115
"-3:1D",113
"-6:9D",104
"-5:17D",92
"1:7D",92
"-14:21D",90
"-6:7D",88
"-4:4D",87
"1:4D",81
"-10:17D",79
"-9:16D",78
"1:3D",71
"-3:5D",70
"-2:11D",67
"-16:16D",61
"-4:22D",60
"2:3D",55
"-22:22D",50
"-21:25D",47
"-4:14D",38
"-13:26D",38
"-1:9D",34
"-4:2D",34
"-10:21D",32
"1:2D",32
"-7:20D",32
"2:9D",31
"-15:28D",30
"-1:3D",30
"-5:20D",30
"-8:24D",29
"-14:15D",29
"-14:22D",29
"-5:4D,3:5D",28
"-19:18D",28
"2:4D",28
"-14:24D",28
"2:22D",28
"-6:13D",27
"-21:21D",27
"-2:10D",26
"1:14D",26
"-3:7D",26
"-7:6D",25
"-10:6D,2:5D",24
"-3:23D",23
"-6:4D",23
"-18:18D",22
"-13:20D",22
"-23:23D",21
"-1:2D",21
"-2:1I,5:3D",20
"-3:11D",20
"4:2I,11:6D",18
"-21:26D",18
"-8:18D",18
"-8:5D",18
"-17:17D",17
"-5:2D,2:1D",17
"-10:6D",17
"-6:24D",15
"-15:16D",15
"-2:4D",15
"-11:18D",15
"-5:4D",13
"-3:2D",13
"-5:3D",12
"-9:19D",10
"-19:20D",7
"-26:1D",5
"-15:23D",4
"-1:2D,4:7D",3
"-26:1D,-9:9D",3
"-1:5D,13:4D",3
"-9:8D",3
"1:9D",2
"-4:13D",2
"-10:1D",2
"2:5D",2
"8:1D",2
"-29:1D",2
"-12:10D",1
"-26:1D,-13:16D",1
"-12:1I,-3:5D",1
"-26:1D,-9:16D",1
"-8:8D,8:1D",1
"-7:17D",1
"-2:7D",1
"-3:6D,6:3D",1
"-15:15D",1
"-2:2D,39:1D",1
"-11:10D,17:3D",1
"-11:19D",1
"-26:1D,1:2D",1
"-6:18D",1
"-26:1D,-9:19D",1
"-26:1D,-1:6D",1
"-10:19D",1
"-15:1D,1:11D",1
"-4:7D",1
"-5:8D,27:1D",1
"-40:1D,-19:18D",1
"-1:5D,8:5D",1
"-1:22D",1
"-12:20D",1
"-11:10D,24:1D",1
"-38:1D",1
"-41:1D",1
"2:13D,24:1D",1
"24:1D",1
"-10:9D",1
