Dinucleotide,Rise,Slide,Shift,Twist,Roll,Tilt
AA,-0.11,0.11,1.59,0.06,0.09,0.5
AC,1.04,1.29,0.13,1.5,1.19,0.5
AG,-0.62,-0.24,0.68,0.78,-0.28,0.36
AT,1.17,2.51,-1.02,1.07,0.83,0.22
CA,-1.25,-0.62,-0.86,-1.38,-1.01,-1.36
CC,0.24,-0.82,0.56,0.06,-0.28,1.08
CG,-1.39,-0.29,-0.82,-1.66,-1.38,-1.22
CT,-0.62,-0.24,0.68,0.78,-0.28,0.36
GA,0.71,-0.39,0.13,-0.08,0.09,0.5
GC,1.59,0.65,-0.35,-0.08,2.3,0.22
GG,0.24,-0.82,0.56,0.06,-0.28,1.08
GT,1.04,1.29,0.13,1.5,1.19,0.5
TA,-1.39,-1.51,-2.24,-1.23,-1.38,-2.37
TC,0.71,-0.39,0.13,-0.08,0.09,0.5
TG,-1.25,-0.62,-0.86,-1.38,-1.01,-1.36
TT,-0.11,0.11,1.59,0.06,0.09,0.5