"Tetranucleotide","Emin"
"AAAA",-176.4
"AAAC",-175.1
"AAAG",-175.6
"AAAT",-178.3
"AACA",-167.9
"AACC",-165.4
"AACG",-171.4
"AACT",-173.3
"AAGA",-170.3
"AAGC",-173.2
"AAGG",-166.8
"AAGT",-173.9
"AATA",-171
"AATC",-173.5
"AATG",-171.6
"AATT",-178.1
"ACAA",-168.7
"ACAC",-168.8
"ACAG",-168.8
"ACAT",-171.1
"ACCA",-162
"ACCC",-161.2
"ACCG",-164.8
"ACCT",-164.4
"ACGA",-166.1
"ACGC",-170.4
"ACGG",-164.1
"ACGT",-169
"ACTA",-168.3
"ACTC",-169.5
"ACTG",-169.9
"ACTT",-173.9
"AGAA",-170.6
"AGAC",-170.2
"AGAG",-170.7
"AGAT",-172.3
"AGCA",-167
"AGCC",-166.3
"AGCG",-170.4
"AGCT",-171
"AGGA",-161.5
"AGGC",-166.1
"AGGG",-164.4
"AGGT",-164.4
"AGTA",-166.8
"AGTC",-169.4
"AGTG",-167.8
"AGTT",-173.3
"ATAA",-171.2
"ATAC",-170.8
"ATAG",-170.3
"ATAT",-174
"ATCA",-167.2
"ATCC",-164.4
"ATCG",-170.4
"ATCT",-172.3
"ATGA",-166.8
"ATGC",-171.6
"ATGG",-163.1
"ATGT",-171.1
"ATTA",-171.4
"ATTC",-173.5
"ATTG",-172.5
"ATTT",-178.3
"CAAA",-171.3
"CAAC",-169.4
"CAAG",-171.2
"CAAT",-172.5
"CACA",-167
"CACC",-162.1
"CACG",-169.7
"CACT",-167.8
"CAGA",-166.9
"CAGC",-168.6
"CAGG",-169.2
"CAGT",-169.9
"CATA",-164.6
"CATC",-166.9
"CATG",-167.8
"CATT",-171.6
"CCAA",-163
"CCAC",-163.1
"CCAG",-169.2
"CCAT",-163.1
"CCCA",-163.8
"CCCC",-159.7
"CCCG",-166.1
"CCCT",-164.4
"CCGA",-161
"CCGC",-162.7
"CCGG",-166
"CCGT",-164.1
"CCTA",-163
"CCTC",-162.3
"CCTG",-169.2
"CCTT",-166.8
"CGAA",-169
"CGAC",-168.5
"CGAG",-169.9
"CGAT",-170.4
"CGCA",-165.8
"CGCC",-161.9
"CGCG",-169.5
"CGCT",-170.4
"CGGA",-161.5
"CGGC",-163.6
"CGGG",-166.1
"CGGT",-164.8
"CGTA",-166
"CGTC",-167.6
"CGTG",-169.7
"CGTT",-171.4
"CTAA",-169.7
"CTAC",-166.9
"CTAG",-170.7
"CTAT",-170.3
"CTCA",-165.9
"CTCC",-161.8
"CTCG",-169.9
"CTCT",-170.7
"CTGA",-166.2
"CTGC",-167.9
"CTGG",-169.2
"CTGT",-168.8
"CTTA",-169.4
"CTTC",-170.3
"CTTG",-171.2
"CTTT",-175.6
"GAAA",-171.4
"GAAC",-170
"GAAG",-170.3
"GAAT",-173.5
"GACA",-163.8
"GACC",-161.4
"GACG",-167.6
"GACT",-169.4
"GAGA",-165.7
"GAGC",-168.7
"GAGG",-162.3
"GAGT",-169.5
"GATA",-166.5
"GATC",-169.1
"GATG",-166.9
"GATT",-173.5
"GCAA",-168.6
"GCAC",-168.8
"GCAG",-167.9
"GCAT",-171.6
"GCCA",-160.5
"GCCC",-165.1
"GCCG",-163.6
"GCCT",-166.1
"GCGA",-166.2
"GCGC",-170.8
"GCGG",-162.7
"GCGT",-170.4
"GCTA",-167
"GCTC",-168.7
"GCTG",-168.6
"GCTT",-173.2
"GGAA",-168.1
"GGAC",-161.8
"GGAG",-161.8
"GGAT",-164.4
"GGCA",-160.8
"GGCC",-165.3
"GGCG",-161.9
"GGCT",-166.3
"GGGA",-154.5
"GGGC",-165.1
"GGGG",-159.7
"GGGT",-161.2
"GGTA",-158.9
"GGTC",-161.4
"GGTG",-162.1
"GGTT",-165.4
"GTAA",-168.1
"GTAC",-166.8
"GTAG",-166.9
"GTAT",-170.8
"GTCA",-164.7
"GTCC",-161.8
"GTCG",-168.5
"GTCT",-170.2
"GTGA",-164.2
"GTGC",-168.8
"GTGG",-163.1
"GTGT",-168.8
"GTTA",-168.2
"GTTC",-170
"GTTG",-169.4
"GTTT",-175.1
"TAAA",-169.9
"TAAC",-168.2
"TAAG",-169.4
"TAAT",-171.4
"TACA",-161.9
"TACC",-158.9
"TACG",-166
"TACT",-166.8
"TAGA",-165
"TAGC",-167
"TAGG",-163
"TAGT",-168.3
"TATA",-164
"TATC",-166.5
"TATG",-164.6
"TATT",-171
"TCAA",-165.4
"TCAC",-164.2
"TCAG",-166.2
"TCAT",-166.8
"TCCA",-158.3
"TCCC",-154.5
"TCCG",-161.5
"TCCT",-161.5
"TCGA",-162.9
"TCGC",-166.2
"TCGG",-161
"TCGT",-166.1
"TCTA",-165
"TCTC",-165.7
"TCTG",-166.9
"TCTT",-170.3
"TGAA",-165.7
"TGAC",-164.7
"TGAG",-165.9
"TGAT",-167.2
"TGCA",-162.2
"TGCC",-160.8
"TGCG",-165.8
"TGCT",-167
"TGGA",-158.3
"TGGC",-160.5
"TGGG",-163.8
"TGGT",-162
"TGTA",-161.9
"TGTC",-163.8
"TGTG",-167
"TGTT",-167.9
"TTAA",-169.7
"TTAC",-168.1
"TTAG",-169.7
"TTAT",-171.2
"TTCA",-165.7
"TTCC",-168.1
"TTCG",-169
"TTCT",-170.6
"TTGA",-165.4
"TTGC",-168.6
"TTGG",-163
"TTGT",-168.7
"TTTA",-169.9
"TTTC",-171.4
"TTTG",-171.3
"TTTT",-176.4
