Tetranucleotide,Flexibility
AAAA,23.8
AAAC,27.2
AAAG,24.5
AAAT,21.7
AACA,9.2
AACC,17.3
AACG,14.9
AACT,15.5
AAGA,25.3
AAGC,14.3
AAGG,10.6
AAGT,9.6
AATA,14.8
AATC,26.8
AATG,12.7
AATT,26.9
ACAA,9.3
ACAC,16.2
ACAG,11.2
ACAT,13.5
ACCA,10.6
ACCC,18.3
ACCG,15.5
ACCT,15.7
ACGA,8
ACGC,11.7
ACGG,7.3
ACGT,11.5
ACTA,18.1
ACTC,4.4
ACTG,11.9
ACTT,9.6
AGAA,17.7
AGAC,20.1
AGAG,17.9
AGAT,14.5
AGCA,9.9
AGCC,16
AGCG,9.7
AGCT,12.2
AGGA,11.7
AGGC,15.9
AGGG,10.8
AGGT,15.7
AGTA,8.6
AGTC,16.9
AGTG,4.8
AGTT,15.5
ATAA,6
ATAC,9.4
ATAG,11.4
ATAT,8.6
ATCA,9
ATCC,11.4
ATCG,19.2
ATCT,14.5
ATGA,10.7
ATGC,8
ATGG,11.7
ATGT,13.5
ATTA,14.7
ATTC,21.3
ATTG,22.3
ATTT,21.7
CAAA,24.3
CAAC,17.5
CAAG,20.2
CAAT,22.3
CACA,6.6
CACC,8.7
CACG,4.1
CACT,4.8
CAGA,13.5
CAGC,17.1
CAGG,10.8
CAGT,11.9
CATA,3.2
CATC,13.9
CATG,7.7
CATT,12.7
CCAA,13.1
CCAC,7.9
CCAG,9.1
CCAT,11.7
CCCA,11.1
CCCC,16.4
CCCG,11.9
CCCT,10.8
CCGA,12.1
CCGC,11.4
CCGG,16.6
CCGT,7.3
CCTA,7.9
CCTC,13.6
CCTG,10.8
CCTT,10.6
CGAA,18.1
CGAC,9.2
CGAG,12.6
CGAT,19.2
CGCA,9.6
CGCC,8.6
CGCG,10
CGCT,9.7
CGGA,7.9
CGGC,14.5
CGGG,11.9
CGGT,15.5
CGTA,6.2
CGTC,17.3
CGTG,4.1
CGTT,14.9
CTAA,5
CTAC,12.1
CTAG,17.8
CTAT,11.4
CTCA,8.9
CTCC,13.3
CTCG,12.6
CTCT,17.9
CTGC,7.2
CTGG,9.1
CTGT,11.2
CTTA,19.8
CTTC,24.9
CTTG,20.2
CTTT,24.5
GAAA,19.3
GAAC,21.5
GAAG,24.9
GAAT,21.3
GACA,8.4
GACC,9.1
GACG,17.3
GACT,16.9
GAGA,22.7
GAGC,11.9
GAGG,13.6
GAGT,4.4
GATA,10.4
GATC,17
GATG,13.9
GATT,26.8
GCAA,8.7
GCAC,6.6
GCAG,7.2
GCAT,8
GCCA,10.3
GCCC,19.6
GCCG,14.5
GCCT,15.9
GCGA,7.2
GCGC,3.9
GCGG,11.4
GCGT,11.7
GCTA,11.6
GCTC,11.9
GCTG,17.1
GCTT,14.3
GGAA,10.6
GGAC,18
GGAG,13.3
GGAT,11.4
GGCA,12.1
GGCC,19.1
GGCG,8.6
GGCT,16
GGGA,13.8
GGGC,19.6
GGGG,16.4
GGGT,18.3
GGTA,8.8
GGTC,9.1
GGTG,8.7
GGTT,17.3
GTAA,10.6
GTAC,8
GTAG,12.1
GTAT,9.4
GTCA,13.7
GTCC,18
GTCG,9.2
GTCT,20.1
GTGA,9.9
GTGC,6.6
GTGG,7.9
GTGT,16.2
GTTA,20.7
GTTC,21.5
GTTG,17.5
GTTT,27.2
TAAA,18.8
TAAC,20.7
TAAG,19.8
TAAT,14.7
TACA,1.9
TACC,8.8
TACG,6.2
TACT,8.6
TAGA,13.1
TAGC,11.6
TAGG,7.9
TAGT,18.1
TATA,3.6
TATC,10.4
TATG,3.2
TATT,14.8
TCAA,11.6
TCAC,9.9
TCAT,10.7
TCCA,8.6
TCCC,13.8
TCCG,7.9
TCCT,11.7
TCGA,10.2
TCGC,7.2
TCGG,12.1
TCGT,8
TCTA,13.1
TCTC,22.7
TCTG,13.5
TCTT,25.3
TGAA,12.5
TGAC,13.7
TGAG,8.9
TGAT,9
TGCA,3.8
TGCC,12.1
TGCG,9.6
TGCT,9.9
TGGA,8.6
TGGC,10.3
TGGG,11.1
TGGT,10.6
TGTA,1.9
TGTC,8.4
TGTG,6.6
TGTT,9.2
TTAA,19.4
TTAC,10.6
TTAG,5
TTAT,6
TTCA,12.5
TTCC,10.6
TTCG,18.1
TTCT,17.7
TTGA,11.6
TTGC,8.7
TTGG,13.1
TTGT,9.3
TTTA,18.8
TTTC,19.3
TTTG,24.3
TTTT,23.8
TCAG,0
CTGA,0